<?xml version="1.0" encoding="utf-8"?>
<ConfigSet>
  <Object Version="19.1.1" ClassName="Simulink.ConfigSet">
    <P Name="DisabledProps" Class="double">[]</P>
    <P Name="Description"/>
    <Array PropName="Components" Type="Handle" Dimension="1*10">
      <Object ObjectID="2" Version="19.1.1" ClassName="Simulink.SolverCC">
        <P Name="DisabledProps" Class="double">[]</P>
        <P Name="Description"/>
        <P Name="Components" Class="double">[]</P>
        <P Name="StartTime">0.0</P>
        <P Name="StopTime">10000</P>
        <P Name="AbsTol">auto</P>
        <P Name="AutoScaleAbsTol">on</P>
        <P Name="FixedStep">0.25</P>
        <P Name="InitialStep">.5</P>
        <P Name="MaxOrder">5</P>
        <P Name="ZcThreshold">auto</P>
        <P Name="ConsecutiveZCsStepRelTol">10*128*eps</P>
        <P Name="MaxConsecutiveZCs">1000</P>
        <P Name="ExtrapolationOrder">4</P>
        <P Name="NumberNewtonIterations">1</P>
        <P Name="MaxStep">30</P>
        <P Name="MinStep">.1</P>
        <P Name="MaxConsecutiveMinStep">2</P>
        <P Name="RelTol">1e-3</P>
        <P Name="EnableMultiTasking">off</P>
        <P Name="ConcurrentTasks">off</P>
        <P Name="Solver">ode3</P>
        <P Name="SolverName">ode3</P>
        <P Name="SolverJacobianMethodControl">auto</P>
        <P Name="ShapePreserveControl">DisableAll</P>
        <P Name="ZeroCrossControl">UseLocalSettings</P>
        <P Name="ZeroCrossAlgorithm">Nonadaptive</P>
        <P Name="AlgebraicLoopSolver">TrustRegion</P>
        <P Name="SolverInfoToggleStatus">on</P>
        <P Name="IsAutoAppliedInSIP">off</P>
        <P Name="SolverResetMethod">Fast</P>
        <P Name="PositivePriorityOrder">off</P>
        <P Name="AutoInsertRateTranBlk">off</P>
        <P Name="SampleTimeConstraint">Unconstrained</P>
        <P Name="InsertRTBMode">Whenever possible</P>
        <P Name="SampleTimeProperty" Class="double">[]</P>
        <P Name="DecoupledContinuousIntegration">off</P>
        <P Name="MinimalZcImpactIntegration">off</P>
        <P Name="SolverOrder">3</P>
      </Object>
      <Object ObjectID="3" Version="19.1.1" ClassName="Simulink.DataIOCC">
        <P Name="DisabledProps" Class="double">[]</P>
        <P Name="Description"/>
        <P Name="Components" Class="double">[]</P>
        <P Name="Decimation">1</P>
        <P Name="ExternalInput">[t, u]</P>
        <P Name="FinalStateName">xFinal</P>
        <P Name="InitialState">xInitial</P>
        <P Name="LimitDataPoints">off</P>
        <P Name="MaxDataPoints">1000</P>
        <P Name="LoadExternalInput">off</P>
        <P Name="LoadInitialState">off</P>
        <P Name="SaveFinalState">off</P>
        <P Name="SaveOperatingPoint">off</P>
        <P Name="SaveFormat">StructureWithTime</P>
        <P Name="SignalLoggingSaveFormat">Dataset</P>
        <P Name="SaveOutput">off</P>
        <P Name="SaveState">off</P>
        <P Name="SignalLogging">off</P>
        <P Name="DSMLogging">off</P>
        <P Name="InspectSignalLogs">off</P>
        <P Name="VisualizeSimOutput">on</P>
        <P Name="StreamToWorkspace">off</P>
        <P Name="StreamVariableName">streamout</P>
        <P Name="SaveTime">off</P>
        <P Name="ReturnWorkspaceOutputs">on</P>
        <P Name="StateSaveName">xout</P>
        <P Name="TimeSaveName">tout</P>
        <P Name="OutputSaveName">yout</P>
        <P Name="SignalLoggingName">logsout</P>
        <P Name="DSMLoggingName">dsmout</P>
        <P Name="OutputOption">RefineOutputTimes</P>
        <P Name="OutputTimes">[]</P>
        <P Name="ReturnWorkspaceOutputsName">out</P>
        <P Name="Refine">1</P>
        <P Name="LoggingToFile">off</P>
        <P Name="DatasetSignalFormat">timeseries</P>
        <P Name="LoggingFileName">out.mat</P>
        <P Name="LoggingIntervals">[-inf, inf]</P>
      </Object>
      <Object ObjectID="4" Version="19.1.1" ClassName="Simulink.OptimizationCC">
        <P Name="DisabledProps" Class="double">[]</P>
        <P Name="Description"/>
        <P Name="Components" Class="double">[]</P>
        <P Name="BlockReduction">on</P>
        <P Name="BooleanDataType">on</P>
        <P Name="ConditionallyExecuteInputs">on</P>
        <P Name="DefaultParameterBehavior">Inlined</P>
        <P Name="UseDivisionForNetSlopeComputation">on</P>
        <P Name="GainParamInheritBuiltInType">on</P>
        <P Name="UseFloatMulNetSlope">on</P>
        <P Name="DefaultUnderspecifiedDataType">double</P>
        <P Name="UseSpecifiedMinMax">off</P>
        <P Name="InlineInvariantSignals">on</P>
        <P Name="OptimizeBlockIOStorage">on</P>
        <P Name="BufferReuse">on</P>
        <P Name="EnhancedBackFolding">off</P>
        <P Name="CachingGlobalReferences">off</P>
        <P Name="GlobalBufferReuse">on</P>
        <P Name="StrengthReduction">off</P>
        <P Name="AdvancedOptControl"/>
        <P Name="ExpressionFolding">on</P>
        <P Name="BooleansAsBitfields">off</P>
        <P Name="BitfieldContainerType">uint_T</P>
        <P Name="EnableMemcpy">on</P>
        <P Name="MemcpyThreshold">64</P>
        <P Name="PassReuseOutputArgsAs">Individual arguments</P>
        <P Name="PassReuseOutputArgsThreshold">12</P>
        <P Name="ExpressionDepthLimit">128</P>
        <P Name="LocalBlockOutputs">on</P>
        <P Name="RollThreshold">5</P>
        <P Name="StateBitsets">off</P>
        <P Name="DataBitsets">off</P>
        <P Name="ActiveStateOutputEnumStorageType">Native Integer</P>
        <P Name="ZeroExternalMemoryAtStartup">off</P>
        <P Name="ZeroInternalMemoryAtStartup">off</P>
        <P Name="InitFltsAndDblsToZero">off</P>
        <P Name="NoFixptDivByZeroProtection">on</P>
        <P Name="EfficientFloat2IntCast">on</P>
        <P Name="EfficientMapNaN2IntZero">on</P>
        <P Name="LifeSpan">1</P>
        <P Name="MaxStackSize">Inherit from target</P>
        <P Name="BufferReusableBoundary">on</P>
        <P Name="SimCompilerOptimization">off</P>
        <P Name="AccelVerboseBuild">off</P>
        <P Name="OptimizeBlockOrder">speed</P>
        <P Name="OptimizeDataStoreBuffers">on</P>
        <P Name="BusAssignmentInplaceUpdate">on</P>
        <P Name="DifferentSizesBufferReuse">on</P>
        <P Name="UseRowMajorAlgorithm">off</P>
        <P Name="OptimizationLevel">level2</P>
        <P Name="OptimizationPriority">Balanced</P>
        <P Name="OptimizationCustomize">on</P>
        <P Name="LabelGuidedReuse">off</P>
        <P Name="MultiThreadedLoops">off</P>
        <P Name="DenormalBehavior">GradualUnderflow</P>
        <P Name="EfficientTunableParamExpr">on</P>
      </Object>
      <Object ObjectID="5" Version="19.1.1" ClassName="Simulink.DebuggingCC">
        <P Name="DisabledProps" Class="double">[]</P>
        <P Name="Description"/>
        <P Name="Components" Class="double">[]</P>
        <P Name="RTPrefix">error</P>
        <P Name="ConsistencyChecking">none</P>
        <P Name="ArrayBoundsChecking">none</P>
        <P Name="SignalInfNanChecking">none</P>
        <P Name="StringTruncationChecking">error</P>
        <P Name="SignalRangeChecking">none</P>
        <P Name="ReadBeforeWriteMsg">UseLocalSettings</P>
        <P Name="WriteAfterWriteMsg">UseLocalSettings</P>
        <P Name="WriteAfterReadMsg">UseLocalSettings</P>
        <P Name="AlgebraicLoopMsg">warning</P>
        <P Name="ArtificialAlgebraicLoopMsg">warning</P>
        <P Name="SaveWithDisabledLinksMsg">warning</P>
        <P Name="SaveWithParameterizedLinksMsg">warning</P>
        <P Name="CheckSSInitialOutputMsg">on</P>
        <P Name="UnderspecifiedInitializationDetection">Simplified</P>
        <P Name="MergeDetectMultiDrivingBlocksExec">error</P>
        <P Name="CheckExecutionContextPreStartOutputMsg">off</P>
        <P Name="CheckExecutionContextRuntimeOutputMsg">off</P>
        <P Name="SignalResolutionControl">UseLocalSettings</P>
        <P Name="BlockPriorityViolationMsg">warning</P>
        <P Name="MinStepSizeMsg">warning</P>
        <P Name="TimeAdjustmentMsg">none</P>
        <P Name="MaxConsecutiveZCsMsg">error</P>
        <P Name="MaskedZcDiagnostic">warning</P>
        <P Name="IgnoredZcDiagnostic">warning</P>
        <P Name="SolverPrmCheckMsg">none</P>
        <P Name="InheritedTsInSrcMsg">warning</P>
        <P Name="MultiTaskDSMMsg">error</P>
        <P Name="MultiTaskCondExecSysMsg">error</P>
        <P Name="MultiTaskRateTransMsg">error</P>
        <P Name="SingleTaskRateTransMsg">none</P>
        <P Name="TasksWithSamePriorityMsg">warning</P>
        <P Name="ExportedTasksRateTransMsg">none</P>
        <P Name="SigSpecEnsureSampleTimeMsg">warning</P>
        <P Name="CheckMatrixSingularityMsg">none</P>
        <P Name="IntegerOverflowMsg">warning</P>
        <P Name="Int32ToFloatConvMsg">warning</P>
        <P Name="ParameterDowncastMsg">error</P>
        <P Name="ParameterOverflowMsg">error</P>
        <P Name="ParameterUnderflowMsg">none</P>
        <P Name="ParameterPrecisionLossMsg">warning</P>
        <P Name="ParameterTunabilityLossMsg">error</P>
        <P Name="FixptConstUnderflowMsg">none</P>
        <P Name="FixptConstOverflowMsg">none</P>
        <P Name="FixptConstPrecisionLossMsg">none</P>
        <P Name="UnderSpecifiedDataTypeMsg">none</P>
        <P Name="UnnecessaryDatatypeConvMsg">none</P>
        <P Name="VectorMatrixConversionMsg">none</P>
        <P Name="InvalidFcnCallConnMsg">error</P>
        <P Name="FcnCallInpInsideContextMsg">error</P>
        <P Name="SignalLabelMismatchMsg">none</P>
        <P Name="UnconnectedInputMsg">warning</P>
        <P Name="UnconnectedOutputMsg">warning</P>
        <P Name="UnconnectedLineMsg">warning</P>
        <P Name="UseOnlyExistingSharedCode">error</P>
        <P Name="SFcnCompatibilityMsg">none</P>
        <P Name="FrameProcessingCompatibilityMsg">error</P>
        <P Name="UniqueDataStoreMsg">none</P>
        <P Name="BusObjectLabelMismatch">warning</P>
        <P Name="RootOutportRequireBusObject">warning</P>
        <P Name="AssertControl">UseLocalSettings</P>
        <P Name="AllowSymbolicDim">on</P>
        <P Name="RowMajorDimensionSupport">off</P>
        <P Name="ModelReferenceIOMsg">none</P>
        <P Name="ModelReferenceMultiInstanceNormalModeStructChecksumCheck">error</P>
        <P Name="ModelReferenceVersionMismatchMessage">none</P>
        <P Name="ModelReferenceIOMismatchMessage">none</P>
        <P Name="UnknownTsInhSupMsg">warning</P>
        <P Name="ModelReferenceDataLoggingMessage">warning</P>
        <P Name="ModelReferenceSymbolNameMessage">warning</P>
        <P Name="ModelReferenceExtraNoncontSigs">error</P>
        <P Name="StateNameClashWarn">none</P>
        <P Name="OperatingPointInterfaceChecksumMismatchMsg">warning</P>
        <P Name="NonCurrentReleaseOperatingPointMsg">error</P>
        <P Name="ChecksumConsistencyForSSReuse">none</P>
        <P Name="PregeneratedLibrarySubsystemCodeDiagnostic">warning</P>
        <P Name="MatchCodeGenerationContextForUpdateDiagram">none</P>
        <P Name="InitInArrayFormatMsg">warning</P>
        <P Name="StrictBusMsg">ErrorLevel1</P>
        <P Name="BusNameAdapt">WarnAndRepair</P>
        <P Name="NonBusSignalsTreatedAsBus">none</P>
        <P Name="SymbolicDimMinMaxWarning">warning</P>
        <P Name="LossOfSymbolicDimsSimulationWarning">warning</P>
        <P Name="LossOfSymbolicDimsCodeGenerationWarning">error</P>
        <P Name="SymbolicDimsDataTypeCodeGenerationDiagnostic">error</P>
        <P Name="BlockIODiagnostic">none</P>
        <P Name="SFUnusedDataAndEventsDiag">warning</P>
        <P Name="SFUnexpectedBacktrackingDiag">error</P>
        <P Name="SFInvalidInputDataAccessInChartInitDiag">warning</P>
        <P Name="SFNoUnconditionalDefaultTransitionDiag">error</P>
        <P Name="SFTransitionOutsideNaturalParentDiag">warning</P>
        <P Name="SFUnreachableExecutionPathDiag">warning</P>
        <P Name="SFUndirectedBroadcastEventsDiag">warning</P>
        <P Name="SFTransitionActionBeforeConditionDiag">warning</P>
        <P Name="SFOutputUsedAsStateInMooreChartDiag">error</P>
        <P Name="SFTemporalDelaySmallerThanSampleTimeDiag">warning</P>
        <P Name="SFSelfTransitionDiag">warning</P>
        <P Name="SFExecutionAtInitializationDiag">warning</P>
        <P Name="SFMachineParentedDataDiag">warning</P>
        <P Name="IntegerSaturationMsg">warning</P>
        <P Name="AllowedUnitSystems">all</P>
        <P Name="UnitsInconsistencyMsg">warning</P>
        <P Name="AllowAutomaticUnitConversions">on</P>
        <P Name="RCSCRenamedMsg">warning</P>
        <P Name="RCSCObservableMsg">warning</P>
        <P Name="ForceCombineOutputUpdateInSim">off</P>
        <P Name="UnitDatabase"/>
        <P Name="UnderSpecifiedDimensionMsg">none</P>
        <P Name="DebugExecutionForFMUViaOutOfProcess">off</P>
        <P Name="ArithmeticOperatorsInVariantConditions">error</P>
      </Object>
      <Object ObjectID="6" Version="19.1.1" ClassName="Simulink.HardwareCC">
        <P Name="DisabledProps" Class="double">[]</P>
        <P Name="Description"/>
        <P Name="Components" Class="double">[]</P>
        <P Name="ProdBitPerChar">8</P>
        <P Name="ProdBitPerShort">16</P>
        <P Name="ProdBitPerInt">16</P>
        <P Name="ProdBitPerLong">32</P>
        <P Name="ProdBitPerLongLong">64</P>
        <P Name="ProdBitPerFloat">32</P>
        <P Name="ProdBitPerDouble">64</P>
        <P Name="ProdBitPerPointer">8</P>
        <P Name="ProdBitPerSizeT">24</P>
        <P Name="ProdBitPerPtrDiffT">24</P>
        <P Name="ProdLargestAtomicInteger">Char</P>
        <P Name="ProdLargestAtomicFloat">None</P>
        <P Name="ProdIntDivRoundTo">Zero</P>
        <P Name="ProdEndianess">LittleEndian</P>
        <P Name="ProdWordSize">8</P>
        <P Name="ProdShiftRightIntArith">on</P>
        <P Name="ProdLongLongMode">on</P>
        <P Name="ProdHWDeviceType">Microchip-&gt;PIC18</P>
        <P Name="TargetBitPerChar">8</P>
        <P Name="TargetBitPerShort">16</P>
        <P Name="TargetBitPerInt">32</P>
        <P Name="TargetBitPerLong">32</P>
        <P Name="TargetBitPerLongLong">64</P>
        <P Name="TargetBitPerFloat">32</P>
        <P Name="TargetBitPerDouble">64</P>
        <P Name="TargetBitPerPointer">32</P>
        <P Name="TargetBitPerSizeT">32</P>
        <P Name="TargetBitPerPtrDiffT">32</P>
        <P Name="TargetLargestAtomicInteger">Char</P>
        <P Name="TargetLargestAtomicFloat">None</P>
        <P Name="TargetShiftRightIntArith">on</P>
        <P Name="TargetLongLongMode">off</P>
        <P Name="TargetIntDivRoundTo">Undefined</P>
        <P Name="TargetEndianess">Unspecified</P>
        <P Name="TargetWordSize">32</P>
        <P Name="TargetPreprocMaxBitsSint">32</P>
        <P Name="TargetPreprocMaxBitsUint">32</P>
        <P Name="TargetHWDeviceType">Specified</P>
        <P Name="TargetUnknown">off</P>
        <P Name="ProdEqTarget">on</P>
        <P Name="UseEmbeddedCoderFeatures">on</P>
        <P Name="UseSimulinkCoderFeatures">on</P>
        <P Name="HardwareBoardFeatureSet">EmbeddedCoderHSP</P>
      </Object>
      <Object ObjectID="7" Version="19.1.1" ClassName="Simulink.ModelReferenceCC">
        <P Name="DisabledProps" Class="double">[]</P>
        <P Name="Description"/>
        <P Name="Components" Class="double">[]</P>
        <P Name="UpdateModelReferenceTargets">IfOutOfDateOrStructuralChange</P>
        <P Name="EnableRefExpFcnMdlSchedulingChecks">on</P>
        <P Name="CheckModelReferenceTargetMessage">error</P>
        <P Name="EnableParallelModelReferenceBuilds">off</P>
        <P Name="ParallelModelReferenceErrorOnInvalidPool">on</P>
        <P Name="ParallelModelReferenceMATLABWorkerInit">None</P>
        <P Name="ModelReferenceNumInstancesAllowed">Multi</P>
        <P Name="PropagateVarSize">Infer from blocks in model</P>
        <P Name="ModelDependencies"/>
        <P Name="ModelReferencePassRootInputsByReference">on</P>
        <P Name="ModelReferenceMinAlgLoopOccurrences">off</P>
        <P Name="PropagateSignalLabelsOutOfModel">on</P>
        <P Name="SupportModelReferenceSimTargetCustomCode">off</P>
      </Object>
      <Object ObjectID="8" Version="19.1.1" ClassName="Simulink.SFSimCC">
        <P Name="DisabledProps" Class="double">[]</P>
        <P Name="Description"/>
        <P Name="Components" Class="double">[]</P>
        <P Name="SimCustomSourceCode"/>
        <P Name="SimCustomHeaderCode"/>
        <P Name="SimCustomInitializer"/>
        <P Name="SimCustomTerminator"/>
        <P Name="SimReservedNameArray" Class="double">[]</P>
        <P Name="SimUserSources"/>
        <P Name="SimUserIncludeDirs"/>
        <P Name="SimUserLibraries"/>
        <P Name="SimUserDefines"/>
        <P Name="SimCustomCompilerFlags"/>
        <P Name="SimCustomLinkerFlags"/>
        <P Name="SFSimEcho">on</P>
        <P Name="SimCtrlC">on</P>
        <P Name="SimIntegrity">on</P>
        <P Name="SimUseLocalCustomCode">on</P>
        <P Name="SimParseCustomCode">on</P>
        <P Name="SimAnalyzeCustomCode">off</P>
        <P Name="SimBuildMode">sf_incremental_build</P>
        <P Name="SimGenImportedTypeDefs">off</P>
        <P Name="ModelFunctionsGlobalVisibility">on</P>
        <P Name="CompileTimeRecursionLimit">50</P>
        <P Name="EnableRuntimeRecursion">on</P>
        <P Name="MATLABDynamicMemAlloc">off</P>
        <P Name="MATLABDynamicMemAllocThreshold">65536</P>
        <P Name="CustomCodeFunctionArrayLayout" Class="double">[]</P>
        <P Name="DefaultCustomCodeFunctionArrayLayout">NotSpecified</P>
        <P Name="CustomCodeUndefinedFunction">UseInterfaceOnly</P>
      </Object>
      <Object BackupClass="Simulink.RTWCC" ObjectID="9" Version="19.1.1" ClassName="Simulink.RTWCC">
        <P Name="DisabledProps" Class="double">[]</P>
        <P Name="Description">Embedded Coder</P>
        <P Name="SystemTargetFile">ert.tlc</P>
        <P Name="HardwareBoard">None</P>
        <P Name="ShowCustomHardwareApp">off</P>
        <P Name="ShowEmbeddedHardwareApp">off</P>
        <P Name="TLCOptions"/>
        <P Name="GenCodeOnly">off</P>
        <P Name="MakeCommand">make_rtw</P>
        <P Name="GenerateMakefile">on</P>
        <P Name="PackageGeneratedCodeAndArtifacts">off</P>
        <P Name="PackageName"/>
        <P Name="TemplateMakefile">ert_default_tmf</P>
        <P Name="PostCodeGenCommand"/>
        <P Name="GenerateReport">on</P>
        <P Name="RTWVerbose">on</P>
        <P Name="RetainRTWFile">off</P>
        <P Name="RTWBuildHooks" Class="double">[]</P>
        <P Name="ProfileTLC">off</P>
        <P Name="TLCDebug">off</P>
        <P Name="TLCCoverage">off</P>
        <P Name="TLCAssert">off</P>
        <P Name="RTWUseLocalCustomCode">on</P>
        <P Name="RTWUseSimCustomCode">off</P>
        <P Name="CustomSourceCode"/>
        <P Name="CustomHeaderCode"/>
        <P Name="CustomInclude"/>
        <P Name="CustomSource"/>
        <P Name="CustomLibrary"/>
        <P Name="CustomDefine"/>
        <P Name="CustomBLASCallback"/>
        <P Name="CustomLAPACKCallback"/>
        <P Name="CustomFFTCallback"/>
        <P Name="CustomInitializer"/>
        <P Name="CustomTerminator"/>
        <P Name="Toolchain">Automatically locate an installed toolchain</P>
        <P Name="BuildConfiguration">Faster Builds</P>
        <P Name="CustomToolchainOptions" Class="double">[]</P>
        <P Name="IncludeHyperlinkInReport">on</P>
        <P Name="LaunchReport">on</P>
        <P Name="PortableWordSizes">off</P>
        <P Name="CreateSILPILBlock">None</P>
        <P Name="CodeExecutionProfiling">off</P>
        <P Name="CodeExecutionProfileVariable">executionProfile</P>
        <P Name="CodeProfilingSaveOptions">SummaryOnly</P>
        <P Name="CodeProfilingInstrumentation">off</P>
        <P Name="SILDebugging">off</P>
        <P Name="TargetLang">C</P>
        <P Name="IncludeBusHierarchyInRTWFileBlockHierarchyMap">off</P>
        <P Name="GenerateTraceInfo">on</P>
        <P Name="GenerateTraceReport">on</P>
        <P Name="GenerateTraceReportSl">on</P>
        <P Name="GenerateTraceReportSf">on</P>
        <P Name="GenerateTraceReportEml">on</P>
        <P Name="GenerateWebview">off</P>
        <P Name="GenerateCodeMetricsReport">on</P>
        <P Name="GenerateCodeReplacementReport">off</P>
        <P Name="GenerateMissedCodeReplacementReport">off</P>
        <P Name="RTWCompilerOptimization">off</P>
        <Array PropName="ObjectivePriorities" Type="Cell" Dimension="1*2">
          <Cell Class="char">Execution efficiency</Cell>
          <Cell Class="char">RAM efficiency</Cell>
        </Array>
        <P Name="RTWCustomCompilerOptimizations"/>
        <P Name="CheckMdlBeforeBuild">Off</P>
        <P Name="SharedConstantsCachingThreshold">1024</P>
        <Array PropName="Components" Type="Handle" Dimension="1*2">
          <Object ObjectID="10" Version="19.1.1" ClassName="Simulink.CodeAppCC">
            <P Name="DisabledProps" Class="double">[]</P>
            <P Name="Description"/>
            <P Name="Components" Class="double">[]</P>
            <P Name="Comment"/>
            <P Name="ForceParamTrailComments">on</P>
            <P Name="GenerateComments">on</P>
            <P Name="CommentStyle">Auto</P>
            <P Name="IgnoreCustomStorageClasses">off</P>
            <P Name="IgnoreTestpoints">off</P>
            <P Name="MaxIdLength">31</P>
            <P Name="PreserveName">off</P>
            <P Name="PreserveNameWithParent">off</P>
            <P Name="ShowEliminatedStatement">on</P>
            <P Name="OperatorAnnotations">on</P>
            <P Name="SimulinkDataObjDesc">on</P>
            <P Name="SFDataObjDesc">on</P>
            <P Name="MATLABFcnDesc">off</P>
            <P Name="MangleLength">1</P>
            <P Name="SharedChecksumLength">8</P>
            <P Name="CustomSymbolStrGlobalVar">rt$N$M</P>
            <P Name="CustomSymbolStrType">$N$M</P>
            <P Name="CustomSymbolStrField">$N$M</P>
            <P Name="CustomSymbolStrFcn">$N$M$F</P>
            <P Name="CustomSymbolStrModelFcn">$R$N</P>
            <P Name="CustomSymbolStrFcnArg">rt$I$N$M</P>
            <P Name="CustomSymbolStrBlkIO">rtb_$N$M</P>
            <P Name="CustomSymbolStrTmpVar">$N$M</P>
            <P Name="CustomSymbolStrMacro">$N$M</P>
            <P Name="CustomSymbolStrUtil">$N$C</P>
            <P Name="CustomSymbolStrEmxType">emxArray_$M$N</P>
            <P Name="CustomSymbolStrEmxFcn">emx$M$N</P>
            <P Name="CustomUserTokenString"/>
            <P Name="CustomCommentsFcn"/>
            <P Name="DefineNamingRule">None</P>
            <P Name="DefineNamingFcn"/>
            <P Name="ParamNamingRule">None</P>
            <P Name="ParamNamingFcn"/>
            <P Name="SignalNamingRule">None</P>
            <P Name="SignalNamingFcn"/>
            <P Name="InsertBlockDesc">on</P>
            <P Name="InsertPolySpaceComments">off</P>
            <P Name="SimulinkBlockComments">on</P>
            <P Name="BlockCommentType">BlockPathComment</P>
            <P Name="StateflowObjectComments">off</P>
            <P Name="MATLABSourceComments">off</P>
            <P Name="EnableCustomComments">off</P>
            <P Name="InternalIdentifierFile"/>
            <P Name="InternalIdentifier">Shortened</P>
            <P Name="InlinedPrmAccess">Literals</P>
            <P Name="ReqsInCode">off</P>
            <P Name="UseSimReservedNames">off</P>
            <P Name="ReservedNameArray" Class="double">[]</P>
            <P Name="EnumMemberNameClash">error</P>
          </Object>
          <Object BackupClass="Simulink.TargetCC" ObjectID="11" Version="19.1.1" ClassName="Simulink.ERTTargetCC">
            <P Name="DisabledProps" Class="double">[]</P>
            <P Name="Description"/>
            <P Name="Components" Class="double">[]</P>
            <P Name="TargetFcnLib">ansi_tfl_table_tmw.mat</P>
            <P Name="TargetLibSuffix"/>
            <P Name="TargetPreCompLibLocation"/>
            <P Name="GenFloatMathFcnCalls">NOT IN USE</P>
            <P Name="TargetLangStandard">C99 (ISO)</P>
            <P Name="CodeReplacementLibrary">None</P>
            <P Name="UtilityFuncGeneration">Auto</P>
            <P Name="MultiwordTypeDef">System defined</P>
            <P Name="MultiwordLength">256</P>
            <P Name="DynamicStringBufferSize">256</P>
            <P Name="GenerateFullHeader">on</P>
            <P Name="InferredTypesCompatibility">off</P>
            <P Name="ExistingSharedCode"/>
            <P Name="GenerateSampleERTMain">on</P>
            <P Name="GenerateTestInterfaces">off</P>
            <P Name="ModelReferenceCompliant">on</P>
            <P Name="ParMdlRefBuildCompliant">on</P>
            <P Name="CompOptLevelCompliant">on</P>
            <P Name="ConcurrentExecutionCompliant">on</P>
            <P Name="IncludeMdlTerminateFcn">off</P>
            <P Name="GeneratePreprocessorConditionals">Use local settings</P>
            <P Name="CombineOutputUpdateFcns">on</P>
            <P Name="CombineSignalStateStructs">on</P>
            <P Name="GroupInternalDataByFunction">off</P>
            <P Name="SuppressErrorStatus">off</P>
            <P Name="IncludeFileDelimiter">Auto</P>
            <P Name="ERTCustomFileBanners">on</P>
            <P Name="SupportAbsoluteTime">off</P>
            <P Name="LogVarNameModifier">rt_</P>
            <P Name="MatFileLogging">off</P>
            <P Name="MultiInstanceERTCode">off</P>
            <P Name="CodeInterfacePackaging">Nonreusable function</P>
            <P Name="PurelyIntegerCode">off</P>
            <P Name="SupportNonFinite">on</P>
            <P Name="SupportComplex">off</P>
            <P Name="SupportContinuousTime">on</P>
            <P Name="SupportNonInlinedSFcns">on</P>
            <P Name="RemoveDisableFunc">off</P>
            <P Name="RemoveResetFunc">on</P>
            <P Name="SupportVariableSizeSignals">off</P>
            <P Name="ParenthesesLevel">Nominal</P>
            <P Name="CastingMode">Nominal</P>
            <P Name="PreserveStateflowLocalDataDimensions">off</P>
            <P Name="MATLABClassNameForMDSCustomization">Simulink.SoftwareTarget.ERTCustomization</P>
            <P Name="ModelStepFunctionPrototypeControlCompliant">on</P>
            <P Name="CPPClassGenCompliant">on</P>
            <P Name="AutosarCompliant">off</P>
            <P Name="MDXCompliant">off</P>
            <P Name="GRTInterface">off</P>
            <P Name="GenerateAllocFcn">off</P>
            <P Name="UseToolchainInfoCompliant">on</P>
            <P Name="GenerateSharedConstants">on</P>
            <P Name="CoderGroups" Class="double">[]</P>
            <P Name="AccessMethods" Class="double">[]</P>
            <P Name="LookupTableObjectStructAxisOrder">1,2,3,4,...</P>
            <P Name="LUTObjectStructOrderExplicitValues">Size,Breakpoints,Table</P>
            <P Name="LUTObjectStructOrderEvenSpacing">Size,Breakpoints,Table</P>
            <P Name="ArrayLayout">Column-major</P>
            <P Name="UnsupportedSFcnMsg">error</P>
            <P Name="ERTHeaderFileRootName">$R$E</P>
            <P Name="ERTSourceFileRootName">$R$E</P>
            <P Name="ERTDataFileRootName">$R_data</P>
            <P Name="GenerateASAP2">off</P>
            <P Name="DSAsUniqueAccess">off</P>
            <P Name="ExtMode">off</P>
            <P Name="ExtModeTransport">0</P>
            <P Name="ExtModeStaticAlloc">off</P>
            <P Name="ExtModeStaticAllocSize">1000000</P>
            <P Name="ExtModeTesting">off</P>
            <P Name="ExtModeMexFile">ext_comm</P>
            <P Name="ExtModeMexArgs"/>
            <P Name="ExtModeIntrfLevel">Level1</P>
            <P Name="InlinedParameterPlacement">NonHierarchical</P>
            <P Name="TargetOS">BareBoardExample</P>
            <P Name="MultiInstanceErrorCode">Error</P>
            <P Name="RootIOFormat">Individual arguments</P>
            <P Name="RTWCAPISignals">off</P>
            <P Name="RTWCAPIParams">off</P>
            <P Name="RTWCAPIStates">off</P>
            <P Name="RTWCAPIRootIO">off</P>
            <P Name="ERTSrcFileBannerTemplate">ert_code_template.cgt</P>
            <P Name="ERTHdrFileBannerTemplate">ert_code_template.cgt</P>
            <P Name="ERTDataSrcFileTemplate">ert_code_template.cgt</P>
            <P Name="ERTDataHdrFileTemplate">ert_code_template.cgt</P>
            <P Name="ERTCustomFileTemplate">example_file_process.tlc</P>
            <P Name="EnableDataOwnership">off</P>
            <P Name="SignalDisplayLevel">10</P>
            <P Name="ParamTuneLevel">10</P>
            <P Name="GlobalDataDefinition">Auto</P>
            <P Name="DataDefinitionFile">global.c</P>
            <P Name="GlobalDataReference">Auto</P>
            <P Name="ERTFilePackagingFormat">CompactWithDataFile</P>
            <P Name="RateTransitionBlockCode">Inline</P>
            <P Name="DataReferenceFile">global.h</P>
            <P Name="PreserveExpressionOrder">off</P>
            <P Name="PreserveIfCondition">off</P>
            <P Name="ConvertIfToSwitch">on</P>
            <P Name="PreserveExternInFcnDecls">on</P>
            <P Name="PreserveStaticInFcnDecls">on</P>
            <P Name="SuppressUnreachableDefaultCases">on</P>
            <P Name="EnableSignedLeftShifts">on</P>
            <P Name="EnableSignedRightShifts">on</P>
            <P Name="IndentStyle">K&amp;R</P>
            <P Name="IndentSize">2</P>
            <P Name="NewlineStyle">Default</P>
            <P Name="MaxLineWidth">80</P>
            <P Name="EnableUserReplacementTypes">off</P>
            <Array PropName="ReplacementTypes" Type="Struct" Dimension="1*1">
              <MATStruct>
                <Field Name="double" Class="char"/>
                <Field Name="single" Class="char"/>
                <Field Name="int32" Class="char"/>
                <Field Name="int16" Class="char"/>
                <Field Name="int8" Class="char"/>
                <Field Name="uint32" Class="char"/>
                <Field Name="uint16" Class="char"/>
                <Field Name="uint8" Class="char"/>
                <Field Name="boolean" Class="char"/>
                <Field Name="int" Class="char"/>
                <Field Name="uint" Class="char"/>
                <Field Name="char" Class="char"/>
                <Field Name="uint64" Class="char"/>
                <Field Name="int64" Class="char"/>
              </MATStruct>
            </Array>
            <P Name="MaxIdInt64">MAX_int64_T</P>
            <P Name="MinIdInt64">MIN_int64_T</P>
            <P Name="MaxIdUint64">MAX_uint64_T</P>
            <P Name="MaxIdInt32">MAX_int32_T</P>
            <P Name="MinIdInt32">MIN_int32_T</P>
            <P Name="MaxIdUint32">MAX_uint32_T</P>
            <P Name="MaxIdInt16">MAX_int16_T</P>
            <P Name="MinIdInt16">MIN_int16_T</P>
            <P Name="MaxIdUint16">MAX_uint16_T</P>
            <P Name="MaxIdInt8">MAX_int8_T</P>
            <P Name="MinIdInt8">MIN_int8_T</P>
            <P Name="MaxIdUint8">MAX_uint8_T</P>
            <P Name="BooleanTrueId">true</P>
            <P Name="BooleanFalseId">false</P>
            <P Name="TypeLimitIdReplacementHeaderFile"/>
            <P Name="MemSecPackage">--- None ---</P>
            <P Name="MemSecDataConstants">Default</P>
            <P Name="MemSecDataIO">Default</P>
            <P Name="MemSecDataInternal">Default</P>
            <P Name="MemSecDataParameters">Default</P>
            <P Name="MemSecFuncInitTerm">Default</P>
            <P Name="MemSecFuncExecute">Default</P>
            <P Name="MemSecFuncSharedUtil">Default</P>
            <P Name="GroupConstants">Default</P>
            <P Name="GroupRootInputs">Default</P>
            <P Name="GroupRootOutputs">Default</P>
            <P Name="GroupInternal">Default</P>
            <P Name="GroupParameters">Default</P>
            <P Name="GroupDataTransfer">Default</P>
            <P Name="GroupSharedLocalDataStores">Default</P>
            <P Name="GroupInstanceSpecificParameters">Default</P>
            <P Name="GroupModelData">Default</P>
          </Object>
        </Array>
      </Object>
      <Object ObjectID="12" Version="19.1.1" ClassName="SlCovCC.ConfigComp">
        <P Name="DisabledProps" Class="double">[]</P>
        <P Name="Description">Simulink Coverage Configuration Component</P>
        <P Name="Components" Class="double">[]</P>
        <P Name="Name">Simulink Coverage</P>
        <P Name="CovEnable">off</P>
        <P Name="CovScope">EntireSystem</P>
        <P Name="CovIncludeTopModel">on</P>
        <P Name="RecordCoverage">off</P>
        <P Name="CovPath">/</P>
        <P Name="CovSaveName">covdata</P>
        <P Name="CovCompData"/>
        <P Name="CovMetricSettings">dwe</P>
        <P Name="CovFilter"/>
        <P Name="CovHTMLOptions"/>
        <P Name="CovNameIncrementing">off</P>
        <P Name="CovHtmlReporting">off</P>
        <P Name="CovForceBlockReductionOff">on</P>
        <P Name="CovEnableCumulative">on</P>
        <P Name="CovSaveCumulativeToWorkspaceVar">off</P>
        <P Name="CovSaveSingleToWorkspaceVar">off</P>
        <P Name="CovCumulativeVarName">covCumulativeData</P>
        <P Name="CovCumulativeReport">off</P>
        <P Name="CovSaveOutputData">on</P>
        <P Name="CovOutputDir">slcov_output/$ModelName$</P>
        <P Name="CovDataFileName">$ModelName$_cvdata</P>
        <P Name="CovShowResultsExplorer">on</P>
        <P Name="CovReportOnPause">on</P>
        <P Name="CovModelRefEnable">off</P>
        <P Name="CovModelRefExcluded"/>
        <P Name="CovExternalEMLEnable">on</P>
        <P Name="CovSFcnEnable">on</P>
        <P Name="CovBoundaryAbsTol">1e-05</P>
        <P Name="CovBoundaryRelTol">0.01</P>
        <P Name="CovUseTimeInterval">off</P>
        <P Name="CovStartTime">0</P>
        <P Name="CovStopTime">0</P>
        <P Name="CovMcdcMode">Masking</P>
      </Object>
      <Object ObjectID="13" Version="19.0.0" ClassName="SSC.SimscapeCC">
        <P Name="DisabledProps" Class="double">[]</P>
        <P Name="Description"/>
        <Array PropName="Components" Type="Handle" Dimension="1*2">
          <Object ObjectID="14" Version="19.1.1" ClassName="MECH.SimMechanicsCC">
            <P Name="DisabledProps" Class="double">[]</P>
            <P Name="Description"/>
            <P Name="Components" Class="double">[]</P>
            <P Name="Name">SimscapeMultibody1G</P>
            <P Name="WarnOnRedundantConstraints">on</P>
            <P Name="WarnOnSingularInitialAssembly">off</P>
            <P Name="ShowCutJoints">off</P>
            <P Name="VisOnUpdateDiagram">off</P>
            <P Name="VisDuringSimulation">off</P>
            <P Name="EnableVisSimulationTime">on</P>
            <P Name="VisSampleTime">0</P>
            <P Name="DisableBodyVisControl">off</P>
            <P Name="ShowCG">on</P>
            <P Name="ShowCS">on</P>
            <P Name="ShowOnlyPortCS">off</P>
            <P Name="HighlightModel">on</P>
            <P Name="FramesToBeSkipped">0</P>
            <P Name="AnimationDelay">3</P>
            <P Name="RecordAVI">off</P>
            <P Name="CompressAVI">on</P>
            <P Name="AviFileName"/>
            <P Name="AutoFitVis">off</P>
            <P Name="EnableSelection">on</P>
            <P Name="LastVizWinPosition">[-1 -1 -1 -1]</P>
            <P Name="CamPosition">[0 0 0]</P>
            <P Name="CamTarget">[0 0 -1]</P>
            <P Name="CamUpVector">[0 1 0]</P>
            <P Name="CamHeight">-1</P>
            <P Name="CamViewAngle">0</P>
            <P Name="VisBackgroundColor">[0.9 0.9 0.95]</P>
            <P Name="DefaultBodyColor">[1 0 0]</P>
            <P Name="MDLBodyVisualizationType">Convex hull from body CS locations</P>
            <P Name="OVRRIDBodyVisualizationType">NONE</P>
            <P Name="VisConfigFile"/>
          </Object>
          <Object ObjectID="15" Version="19.1.1" ClassName="simmechanics.ConfigurationSet">
            <P Name="DisabledProps" Class="double">[]</P>
            <P Name="Description">Simscape Multibody</P>
            <Array PropName="Components" Type="Handle" Dimension="1*2">
              <Object ObjectID="16" Version="19.1.1" ClassName="simmechanics.DiagnosticsConfigSet">
                <P Name="DisabledProps" Class="double">[]</P>
                <P Name="Description">Diagnostics</P>
                <P Name="Components" Class="double">[]</P>
                <P Name="Name">DiagnosticsConfigSet</P>
                <P Name="SimMechanicsInvalidVisualProperty">warning</P>
                <P Name="SimMechanicsCrossSectionNullEdge">warning</P>
                <P Name="SimMechanicsUnconnectedFramePorts">warning</P>
                <P Name="SimMechanicsUnconnectedGeometryPorts">warning</P>
                <P Name="SimMechanicsRedundantBlock">warning</P>
                <P Name="SimMechanicsConflictingReferenceFrames">warning</P>
                <P Name="SimMechanicsRigidlyBoundBlock">error</P>
                <P Name="SimMechanicsUnsatisfiedHighPriorityTargets">warning</P>
                <P Name="SimMechanicsJointTargetOverSpecification">error</P>
              </Object>
              <Object ObjectID="17" Version="19.1.1" ClassName="simmechanics.ExplorerConfigSet">
                <P Name="DisabledProps" Class="double">[]</P>
                <P Name="Description">Explorer</P>
                <P Name="Components" Class="double">[]</P>
                <P Name="Name">ExplorerConfigSet</P>
                <P Name="SimMechanicsOpenEditorOnUpdate">on</P>
                <P Name="InternalSimMechanicsExplorerSettings"/>
              </Object>
            </Array>
            <P Name="Name">SimscapeMultibody</P>
          </Object>
        </Array>
        <P Name="Name">Simscape</P>
        <P Name="EditingMode">Full</P>
        <P Name="ExplicitSolverDiagnosticOptions">warning</P>
        <P Name="GlobalZcOffDiagnosticOptions">warning</P>
        <P Name="SimscapeNormalizeSystem">on</P>
        <P Name="SimscapeNominalValues">[{&quot;value&quot;:&quot;1&quot;,&quot;unit&quot;:&quot;A&quot;},{&quot;value&quot;:&quot;1&quot;,&quot;unit&quot;:&quot;bar&quot;},{&quot;value&quot;:&quot;1&quot;,&quot;unit&quot;:&quot;cm^2&quot;},{&quot;value&quot;:&quot;1&quot;,&quot;unit&quot;:&quot;cm^3/s&quot;},{&quot;value&quot;:&quot;1&quot;,&quot;unit&quot;:&quot;kJ/kg&quot;},{&quot;value&quot;:&quot;1&quot;,&quot;unit&quot;:&quot;kW&quot;},{&quot;value&quot;:&quot;1&quot;,&quot;unit&quot;:&quot;l&quot;},{&quot;value&quot;:&quot;1&quot;,&quot;unit&quot;:&quot;N&quot;},{&quot;value&quot;:&quot;1&quot;,&quot;unit&quot;:&quot;N*m&quot;},{&quot;value&quot;:&quot;1&quot;,&quot;unit&quot;:&quot;V&quot;}]</P>
        <P Name="SimscapeLogType">none</P>
        <P Name="SimscapeLogSimulationStatistics">off</P>
        <P Name="SimscapeLogToSDI">off</P>
        <P Name="SimscapeLogOpenViewer">off</P>
        <P Name="SimscapeLogName">simlog</P>
        <P Name="SimscapeLogDecimation">1</P>
        <P Name="SimscapeLogLimitData">on</P>
        <P Name="SimscapeLogDataHistory">5000</P>
        <P Name="SimscapeUseOperatingPoints">off</P>
        <P Name="SimscapeOperatingPoint"/>
        <P Name="SelectedTab"/>
      </Object>
    </Array>
    <P Name="Name">QuickStart_50020_2_17_22_17_7673</P>
    <P Name="CurrentDlgPage">Solver</P>
    <P Name="ConfigPrmDlgPosition">[ 246, 102, 1333, 730 ]</P>
    <P Name="ExtraOptions">-aBlockCommentType=&quot;BlockPathComment&quot; -aIgnoreTestpoints=0 </P>
  </Object>
</ConfigSet>
