<?xml version="1.0" encoding="utf-8"?>
<GraphicalInterface>
  <P Name="NumRootInports">0</P>
  <P Name="NumRootOutports">0</P>
  <P Name="ParameterArgumentNames"/>
  <P Name="NumModelReferences">0</P>
  <P Name="NumTestPointedSignals">19</P>
  <TestPointedSignal>
    <P Name="SignalName">U (XYZ VxVyVz Q W)</P>
    <P Name="FullBlockPath">$bdroot/Physical Model</P>
    <P Name="LogSignal">1</P>
    <P Name="MaxPoints">5000</P>
    <P Name="Decimation">2</P>
  </TestPointedSignal>
  <TestPointedSignal>
    <P Name="SignalName">Torque</P>
    <P Name="FullBlockPath">$bdroot/Controller/PID (nominal command)/Gain</P>
    <P Name="LogSignal">1</P>
    <P Name="MaxPoints">5000</P>
    <P Name="Decimation">2</P>
  </TestPointedSignal>
  <TestPointedSignal>
    <P Name="SignalName">T_Body</P>
    <P Name="FullBlockPath">$bdroot/Controller/PID (nominal command)/Command Magnetic moments computation/Command (vect)</P>
    <P Name="LogSignal">1</P>
    <P Name="MaxPoints">5000</P>
    <P Name="Decimation">2</P>
  </TestPointedSignal>
  <TestPointedSignal>
    <P Name="SignalName">B_Body</P>
    <P Name="FullBlockPath">$bdroot/Controller/PID (nominal command)/Command Magnetic moments computation/B_IGRF_body (vect)</P>
    <P Name="LogSignal">1</P>
    <P Name="MaxPoints">5000</P>
    <P Name="Decimation">2</P>
  </TestPointedSignal>
  <TestPointedSignal>
    <P Name="SignalName"/>
    <P Name="FullBlockPath">$bdroot/Controller/PID (nominal command)/RW1/Saturation_speed</P>
    <P Name="LogSignal">1</P>
    <P Name="MaxPoints">5000</P>
    <P Name="Decimation">2</P>
  </TestPointedSignal>
  <TestPointedSignal>
    <P Name="SignalName">Torque (scal)</P>
    <P Name="FullBlockPath">$bdroot/Controller/PID (nominal command)/RW1/Torque_sat</P>
    <P Name="LogSignal">1</P>
    <P Name="MaxPoints">5000</P>
    <P Name="Decimation">2</P>
  </TestPointedSignal>
  <TestPointedSignal>
    <P Name="SignalName"/>
    <P Name="FullBlockPath">$bdroot/Controller/PID (nominal command)/RW2/Saturation_speed</P>
    <P Name="LogSignal">1</P>
    <P Name="MaxPoints">5000</P>
    <P Name="Decimation">2</P>
  </TestPointedSignal>
  <TestPointedSignal>
    <P Name="SignalName">Torque (scal)</P>
    <P Name="FullBlockPath">$bdroot/Controller/PID (nominal command)/RW2/Torque_sat</P>
    <P Name="LogSignal">1</P>
    <P Name="MaxPoints">5000</P>
    <P Name="Decimation">2</P>
  </TestPointedSignal>
  <TestPointedSignal>
    <P Name="SignalName"/>
    <P Name="FullBlockPath">$bdroot/Controller/PID (nominal command)/RW3/Saturation_speed</P>
    <P Name="LogSignal">1</P>
    <P Name="MaxPoints">5000</P>
    <P Name="Decimation">2</P>
  </TestPointedSignal>
  <TestPointedSignal>
    <P Name="SignalName">Torque (scal)</P>
    <P Name="FullBlockPath">$bdroot/Controller/PID (nominal command)/RW3/Torque_sat</P>
    <P Name="LogSignal">1</P>
    <P Name="MaxPoints">5000</P>
    <P Name="Decimation">2</P>
  </TestPointedSignal>
  <TestPointedSignal>
    <P Name="SignalName"/>
    <P Name="FullBlockPath">$bdroot/Controller/PID (nominal command)/RW4 /Saturation_speed</P>
    <P Name="LogSignal">1</P>
    <P Name="MaxPoints">5000</P>
    <P Name="Decimation">2</P>
  </TestPointedSignal>
  <TestPointedSignal>
    <P Name="SignalName">Torque (scal)</P>
    <P Name="FullBlockPath">$bdroot/Controller/PID (nominal command)/RW4 /Torque_sat</P>
    <P Name="LogSignal">1</P>
    <P Name="MaxPoints">5000</P>
    <P Name="Decimation">2</P>
  </TestPointedSignal>
  <TestPointedSignal>
    <P Name="SignalName"/>
    <P Name="FullBlockPath">$bdroot/Controller/RW4/Saturation_speed</P>
    <P Name="LogSignal">1</P>
    <P Name="MaxPoints">5000</P>
    <P Name="Decimation">2</P>
  </TestPointedSignal>
  <TestPointedSignal>
    <P Name="SignalName">Torque (scal)</P>
    <P Name="FullBlockPath">$bdroot/Controller/RW4/Torque_sat</P>
    <P Name="LogSignal">1</P>
    <P Name="MaxPoints">5000</P>
    <P Name="Decimation">2</P>
  </TestPointedSignal>
  <TestPointedSignal>
    <P Name="SignalName">Mag_command</P>
    <P Name="FullBlockPath">$bdroot/Kalmann Filter/Sat Attitude/Magnetotorquers_C</P>
    <P Name="LogSignal">1</P>
    <P Name="MaxPoints">5000</P>
    <P Name="Decimation">2</P>
  </TestPointedSignal>
  <TestPointedSignal>
    <P Name="SignalName">Mag_torque</P>
    <P Name="FullBlockPath">$bdroot/Kalmann Filter/Sat Attitude/Magnetorquer physics</P>
    <P Name="LogSignal">1</P>
    <P Name="MaxPoints">5000</P>
    <P Name="Decimation">2</P>
  </TestPointedSignal>
  <TestPointedSignal>
    <P Name="SignalName">Mag_command</P>
    <P Name="FullBlockPath">$bdroot/Physical Model/Command</P>
    <P Name="LogSignal">1</P>
    <P Name="MaxPoints">5000</P>
    <P Name="Decimation">2</P>
  </TestPointedSignal>
  <TestPointedSignal>
    <P Name="SignalName">Mag_torque</P>
    <P Name="FullBlockPath">$bdroot/Physical Model/Magnetorquer physics</P>
    <P Name="LogSignal">1</P>
    <P Name="MaxPoints">5000</P>
    <P Name="Decimation">2</P>
  </TestPointedSignal>
  <TestPointedSignal>
    <P Name="SignalName">Mag_moment</P>
    <P Name="FullBlockPath">$bdroot/Physical Model/Magnetorquer physics</P>
    <P Name="PortIndex">2</P>
    <P Name="LogSignal">1</P>
    <P Name="MaxPoints">5000</P>
    <P Name="Decimation">2</P>
  </TestPointedSignal>
  <P Name="NumProvidedFunctions">0</P>
  <P Name="NumRequiredFunctions">0</P>
  <P Name="NumResetEvents">0</P>
  <P Name="HasInitializeEvent">1</P>
  <P Name="HasTerminateEvent">0</P>
  <P Name="PreCompExecutionDomainType">Unset</P>
  <P Name="IsExportFunctionModel">0</P>
  <P Name="IsArchitectureModel">0</P>
  <P Name="IsAUTOSARArchitectureModel">0</P>
  <P Name="NumParameterArguments">0</P>
  <P Name="NumExternalFileReferences">82</P>
  <ExternalFileReference>
    <P Name="Reference">aerolibconvert2/Angle Conversion</P>
    <P Name="Path">$bdroot/Angle Conversion</P>
    <P Name="SID">172</P>
    <P Name="Type">LIBRARY_BLOCK</P>
  </ExternalFileReference>
  <ExternalFileReference>
    <P Name="Reference">aerolibconvert2/Angular Velocity
Conversion</P>
    <P Name="Path">$bdroot/Angular Velocity Conversion</P>
    <P Name="SID">171</P>
    <P Name="Type">LIBRARY_BLOCK</P>
  </ExternalFileReference>
  <ExternalFileReference>
    <P Name="Reference">aerolibconvert2/Angular Velocity
Conversion</P>
    <P Name="Path">$bdroot/Angular Velocity Conversion1</P>
    <P Name="SID">1312</P>
    <P Name="Type">LIBRARY_BLOCK</P>
  </ExternalFileReference>
  <ExternalFileReference>
    <P Name="Reference">aerolibconvert2/Angular Velocity
Conversion</P>
    <P Name="Path">$bdroot/Angular Velocity Conversion2</P>
    <P Name="SID">3253</P>
    <P Name="Type">LIBRARY_BLOCK</P>
  </ExternalFileReference>
  <ExternalFileReference>
    <P Name="Reference">simulink/Discrete/Discrete Derivative</P>
    <P Name="Path">$bdroot/Controller/B-dot command/Discrete Derivative</P>
    <P Name="SID">2518</P>
    <P Name="Type">LIBRARY_BLOCK</P>
  </ExternalFileReference>
  <ExternalFileReference>
    <P Name="Reference">vrlib/Utilities/Cross Product</P>
    <P Name="Path">$bdroot/Controller/PID (nominal command)/Command Magnetic moments computation/Cross Product</P>
    <P Name="SID">4128</P>
    <P Name="Type">LIBRARY_BLOCK</P>
  </ExternalFileReference>
  <ExternalFileReference>
    <P Name="Reference">simulink/Discrete/Discrete Derivative</P>
    <P Name="Path">$bdroot/Controller/PID (nominal command)/Discrete Derivative</P>
    <P Name="SID">3781</P>
    <P Name="Type">LIBRARY_BLOCK</P>
  </ExternalFileReference>
  <ExternalFileReference>
    <P Name="Reference">dspstat3/Moving
Average</P>
    <P Name="Path">$bdroot/Controller/PID (nominal command)/Moving Average</P>
    <P Name="SID">4200</P>
    <P Name="Type">LIBRARY_BLOCK</P>
  </ExternalFileReference>
  <ExternalFileReference>
    <P Name="Reference">aerolibutil/Quaternion
Inverse</P>
    <P Name="Path">$bdroot/Controller/PID (nominal command)/Quaternion Inverse</P>
    <P Name="SID">4209</P>
    <P Name="Type">LIBRARY_BLOCK</P>
  </ExternalFileReference>
  <ExternalFileReference>
    <P Name="Reference">aerolibutil/Quaternion
Multiplication</P>
    <P Name="Path">$bdroot/Controller/PID (nominal command)/Quaternion Multiplication</P>
    <P Name="SID">4210</P>
    <P Name="Type">LIBRARY_BLOCK</P>
  </ExternalFileReference>
  <ExternalFileReference>
    <P Name="Reference">simulink_extras/Transformations/Cartesian to
Spherical</P>
    <P Name="Path">$bdroot/Disturbance /Cartesian to Spherical</P>
    <P Name="SID">3663</P>
    <P Name="Type">LIBRARY_BLOCK</P>
  </ExternalFileReference>
  <ExternalFileReference>
    <P Name="Reference">simulink_extras/Transformations/Cartesian to
Spherical</P>
    <P Name="Path">$bdroot/Disturbance /Cartesian to Spherical1</P>
    <P Name="SID">3736</P>
    <P Name="Type">LIBRARY_BLOCK</P>
  </ExternalFileReference>
  <ExternalFileReference>
    <P Name="Reference">robotcorelib/Coordinate Transformation Conversion</P>
    <P Name="Path">$bdroot/Disturbance /Coordinate Transformation Conversion</P>
    <P Name="SID">3747</P>
    <P Name="Type">LIBRARY_BLOCK</P>
  </ExternalFileReference>
  <ExternalFileReference>
    <P Name="Reference">vrlib/Utilities/Cross Product</P>
    <P Name="Path">$bdroot/Disturbance /Cross Product</P>
    <P Name="SID">3752</P>
    <P Name="Type">LIBRARY_BLOCK</P>
  </ExternalFileReference>
  <ExternalFileReference>
    <P Name="Reference">aerolibatmos2/NRLMSISE-00
Atmosphere Model</P>
    <P Name="Path">$bdroot/Disturbance /NRLMSISE-00 Atmosphere Model</P>
    <P Name="SID">3712</P>
    <P Name="Type">LIBRARY_BLOCK</P>
  </ExternalFileReference>
  <ExternalFileReference>
    <P Name="Reference">vrlib/Utilities/Normalize Vector</P>
    <P Name="Path">$bdroot/Disturbance /Normalize Vector</P>
    <P Name="SID">3881</P>
    <P Name="Type">LIBRARY_BLOCK</P>
  </ExternalFileReference>
  <ExternalFileReference>
    <P Name="Reference">dspindex/Variable
Selector</P>
    <P Name="Path">$bdroot/Disturbance /Variable Selector</P>
    <P Name="SID">3748</P>
    <P Name="Type">LIBRARY_BLOCK</P>
  </ExternalFileReference>
  <ExternalFileReference>
    <P Name="Reference">aerolibgravity2/International Geomagnetic Reference Field 12</P>
    <P Name="Path">$bdroot/IGRF Computation block/International Geomagnetic Reference Field 12</P>
    <P Name="SID">2116</P>
    <P Name="Type">LIBRARY_BLOCK</P>
  </ExternalFileReference>
  <ExternalFileReference>
    <P Name="Reference">aerolibconvert2/Angle Conversion</P>
    <P Name="Path">$bdroot/Initialize Function/Angle Conversion1</P>
    <P Name="SID">1391</P>
    <P Name="Type">LIBRARY_BLOCK</P>
  </ExternalFileReference>
  <ExternalFileReference>
    <P Name="Reference">aerolibconvert2/Angle Conversion</P>
    <P Name="Path">$bdroot/Initialize Function/Angle Conversion2</P>
    <P Name="SID">1448</P>
    <P Name="Type">LIBRARY_BLOCK</P>
  </ExternalFileReference>
  <ExternalFileReference>
    <P Name="Reference">aerolibconvert2/Angle Conversion</P>
    <P Name="Path">$bdroot/Initialize Function/Angle Conversion3</P>
    <P Name="SID">1449</P>
    <P Name="Type">LIBRARY_BLOCK</P>
  </ExternalFileReference>
  <ExternalFileReference>
    <P Name="Reference">aerolibconvert2/Angle Conversion</P>
    <P Name="Path">$bdroot/Initialize Function/Angle Conversion4</P>
    <P Name="SID">1450</P>
    <P Name="Type">LIBRARY_BLOCK</P>
  </ExternalFileReference>
  <ExternalFileReference>
    <P Name="Reference">aerolibconvert2/Angle Conversion</P>
    <P Name="Path">$bdroot/Initialize Function/Angle Conversion5</P>
    <P Name="SID">1451</P>
    <P Name="Type">LIBRARY_BLOCK</P>
  </ExternalFileReference>
  <ExternalFileReference>
    <P Name="Reference">aerolibconvert2/Angular Velocity
Conversion</P>
    <P Name="Path">$bdroot/Initialize Function/Angular Velocity Conversion2</P>
    <P Name="SID">1392</P>
    <P Name="Type">LIBRARY_BLOCK</P>
  </ExternalFileReference>
  <ExternalFileReference>
    <P Name="Reference">aerolibconvert2/Length Conversion</P>
    <P Name="Path">$bdroot/Initialize Function/Length Conversion</P>
    <P Name="SID">1633</P>
    <P Name="Type">LIBRARY_BLOCK</P>
  </ExternalFileReference>
  <ExternalFileReference>
    <P Name="Reference">sharedtransform/Rotation Angles to Quaternions</P>
    <P Name="Path">$bdroot/Initialize Function/Rotation Angles to Quaternions</P>
    <P Name="SID">1402</P>
    <P Name="Type">LIBRARY_BLOCK</P>
  </ExternalFileReference>
  <ExternalFileReference>
    <P Name="Reference">aerolibconvert2/Velocity Conversion</P>
    <P Name="Path">$bdroot/Initialize Function/Velocity Conversion</P>
    <P Name="SID">1635</P>
    <P Name="Type">LIBRARY_BLOCK</P>
  </ExternalFileReference>
  <ExternalFileReference>
    <P Name="Reference">aerolibutil/Quaternion
Rotation</P>
    <P Name="Path">$bdroot/Kalmann Filter/Coarse Sun Sensor/Quaternion Rotation1</P>
    <P Name="SID">3261</P>
    <P Name="Type">LIBRARY_BLOCK</P>
  </ExternalFileReference>
  <ExternalFileReference>
    <P Name="Reference">aerolibutil/Quaternion
Rotation</P>
    <P Name="Path">$bdroot/Kalmann Filter/Cubesense (Sun Sensor)/Quaternion Rotation1</P>
    <P Name="SID">2850</P>
    <P Name="Type">LIBRARY_BLOCK</P>
  </ExternalFileReference>
  <ExternalFileReference>
    <P Name="Reference">simulink/Discrete/Discrete Derivative</P>
    <P Name="Path">$bdroot/Kalmann Filter/Discrete Derivative</P>
    <P Name="SID">3239</P>
    <P Name="Type">LIBRARY_BLOCK</P>
  </ExternalFileReference>
  <ExternalFileReference>
    <P Name="Reference">aerolibgravity2/International Geomagnetic Reference Field 12</P>
    <P Name="Path">$bdroot/Kalmann Filter/IGRF embedded/International Geomagnetic Reference Field 12</P>
    <P Name="SID">3159</P>
    <P Name="Type">LIBRARY_BLOCK</P>
  </ExternalFileReference>
  <ExternalFileReference>
    <P Name="Reference">aerolibutil/Quaternion
Rotation</P>
    <P Name="Path">$bdroot/Kalmann Filter/Magnetometer/Quaternion Rotation</P>
    <P Name="SID">2769</P>
    <P Name="Type">LIBRARY_BLOCK</P>
  </ExternalFileReference>
  <ExternalFileReference>
    <P Name="Reference">aerolibcelestial/Planetary Ephemeris</P>
    <P Name="Path">$bdroot/Kalmann Filter/Planetary Ephemeris</P>
    <P Name="SID">3207</P>
    <P Name="Type">LIBRARY_BLOCK</P>
  </ExternalFileReference>
  <ExternalFileReference>
    <P Name="Reference">aerolibutil/Quaternion
Multiplication</P>
    <P Name="Path">$bdroot/Kalmann Filter/Sat Attitude1/Compute Q_ECI/Quaternion Multiplication</P>
    <P Name="SID">3416</P>
    <P Name="Type">LIBRARY_BLOCK</P>
  </ExternalFileReference>
  <ExternalFileReference>
    <P Name="Reference">sharedutil/Quaternion
Normalize</P>
    <P Name="Path">$bdroot/Kalmann Filter/Sat Attitude1/Compute Q_ECI/Quaternion Normalize</P>
    <P Name="SID">3417</P>
    <P Name="Type">LIBRARY_BLOCK</P>
  </ExternalFileReference>
  <ExternalFileReference>
    <P Name="Reference">sharedTrackingLibrary/Unscented Kalman Filter</P>
    <P Name="Path">$bdroot/Kalmann Filter/UKF</P>
    <P Name="SID">2724</P>
    <P Name="Type">LIBRARY_BLOCK</P>
  </ExternalFileReference>
  <ExternalFileReference>
    <P Name="Reference">sharedutil/3x3 Cross Product</P>
    <P Name="Path">$bdroot/Mission/Compute orbit quaternion/3x3 Cross Product</P>
    <P Name="SID">2237</P>
    <P Name="Type">LIBRARY_BLOCK</P>
  </ExternalFileReference>
  <ExternalFileReference>
    <P Name="Reference">sharedtransform/Direction Cosine Matrix 
to Quaternions</P>
    <P Name="Path">$bdroot/Mission/Compute orbit quaternion/Direction Cosine Matrix  to Quaternions</P>
    <P Name="SID">2238</P>
    <P Name="Type">LIBRARY_BLOCK</P>
  </ExternalFileReference>
  <ExternalFileReference>
    <P Name="Reference">dspmathops/Normalization</P>
    <P Name="Path">$bdroot/Mission/Compute orbit quaternion/Normalization</P>
    <P Name="SID">2241</P>
    <P Name="Type">LIBRARY_BLOCK</P>
  </ExternalFileReference>
  <ExternalFileReference>
    <P Name="Reference">dspmathops/Normalization</P>
    <P Name="Path">$bdroot/Mission/Compute orbit quaternion/Normalization1</P>
    <P Name="SID">2242</P>
    <P Name="Type">LIBRARY_BLOCK</P>
  </ExternalFileReference>
  <ExternalFileReference>
    <P Name="Reference">aerolibutil/Quaternion
Inverse</P>
    <P Name="Path">$bdroot/Mission/Compute orbit quaternion/Quaternion Inverse</P>
    <P Name="SID">2243</P>
    <P Name="Type">LIBRARY_BLOCK</P>
  </ExternalFileReference>
  <ExternalFileReference>
    <P Name="Reference">aerolibutil/Quaternion
Multiplication</P>
    <P Name="Path">$bdroot/Mission/Quaternion Multiplication</P>
    <P Name="SID">2249</P>
    <P Name="Type">LIBRARY_BLOCK</P>
  </ExternalFileReference>
  <ExternalFileReference>
    <P Name="Reference">aerolibutil/Quaternion
Multiplication</P>
    <P Name="Path">$bdroot/Mission/Quaternion Multiplication1</P>
    <P Name="SID">2250</P>
    <P Name="Type">LIBRARY_BLOCK</P>
  </ExternalFileReference>
  <ExternalFileReference>
    <P Name="Reference">vrlib/Utilities/Cross Product</P>
    <P Name="Path">$bdroot/Mission/q_rotation_y_pi//2/Cross Product</P>
    <P Name="SID">2321</P>
    <P Name="Type">LIBRARY_BLOCK</P>
  </ExternalFileReference>
  <ExternalFileReference>
    <P Name="Reference">vrlib/Utilities/Cross Product</P>
    <P Name="Path">$bdroot/Mission/q_sun_aero/Cross Product</P>
    <P Name="SID">2342</P>
    <P Name="Type">LIBRARY_BLOCK</P>
  </ExternalFileReference>
  <ExternalFileReference>
    <P Name="Reference">sharedtransform/Direction Cosine Matrix 
to Quaternions</P>
    <P Name="Path">$bdroot/Mission/q_sun_aero/Direction Cosine Matrix  to Quaternions</P>
    <P Name="SID">2343</P>
    <P Name="Type">LIBRARY_BLOCK</P>
  </ExternalFileReference>
  <ExternalFileReference>
    <P Name="Reference">dspmathops/Normalization</P>
    <P Name="Path">$bdroot/Mission/q_sun_aero/Normalization1</P>
    <P Name="SID">2345</P>
    <P Name="Type">LIBRARY_BLOCK</P>
  </ExternalFileReference>
  <ExternalFileReference>
    <P Name="Reference">dspmathops/Normalization</P>
    <P Name="Path">$bdroot/Mission/q_sun_aero/Normalization2</P>
    <P Name="SID">2346</P>
    <P Name="Type">LIBRARY_BLOCK</P>
  </ExternalFileReference>
  <ExternalFileReference>
    <P Name="Reference">aerolibutil/Quaternion
Inverse</P>
    <P Name="Path">$bdroot/Mission/q_sun_aero/Quaternion Inverse</P>
    <P Name="SID">2349</P>
    <P Name="Type">LIBRARY_BLOCK</P>
  </ExternalFileReference>
  <ExternalFileReference>
    <P Name="Reference">vrlib/Utilities/Cross Product</P>
    <P Name="Path">$bdroot/Mission/q_sun_sun/Cross Product1</P>
    <P Name="SID">2363</P>
    <P Name="Type">LIBRARY_BLOCK</P>
  </ExternalFileReference>
  <ExternalFileReference>
    <P Name="Reference">sharedtransform/Direction Cosine Matrix 
to Quaternions</P>
    <P Name="Path">$bdroot/Mission/q_sun_sun/Direction Cosine Matrix  to Quaternions1</P>
    <P Name="SID">2364</P>
    <P Name="Type">LIBRARY_BLOCK</P>
  </ExternalFileReference>
  <ExternalFileReference>
    <P Name="Reference">dspmathops/Normalization</P>
    <P Name="Path">$bdroot/Mission/q_sun_sun/Normalization3</P>
    <P Name="SID">2366</P>
    <P Name="Type">LIBRARY_BLOCK</P>
  </ExternalFileReference>
  <ExternalFileReference>
    <P Name="Reference">dspmathops/Normalization</P>
    <P Name="Path">$bdroot/Mission/q_sun_sun/Normalization4</P>
    <P Name="SID">2367</P>
    <P Name="Type">LIBRARY_BLOCK</P>
  </ExternalFileReference>
  <ExternalFileReference>
    <P Name="Reference">aerolibutil/Quaternion
Inverse</P>
    <P Name="Path">$bdroot/Mission/q_sun_sun/Quaternion Inverse1</P>
    <P Name="SID">2370</P>
    <P Name="Type">LIBRARY_BLOCK</P>
  </ExternalFileReference>
  <ExternalFileReference>
    <P Name="Reference">aerolibutil/Quaternion
Multiplication</P>
    <P Name="Path">$bdroot/Physical Model/6DOF in ECI frame/Compute Q_ECI/Quaternion Multiplication</P>
    <P Name="SID">1264</P>
    <P Name="Type">LIBRARY_BLOCK</P>
  </ExternalFileReference>
  <ExternalFileReference>
    <P Name="Reference">sharedutil/Quaternion
Normalize</P>
    <P Name="Path">$bdroot/Physical Model/6DOF in ECI frame/Compute Q_ECI/Quaternion Normalize</P>
    <P Name="SID">1286</P>
    <P Name="Type">LIBRARY_BLOCK</P>
  </ExternalFileReference>
  <ExternalFileReference>
    <P Name="Reference">vrlib/Utilities/Cross Product</P>
    <P Name="Path">$bdroot/Physical Model/6DOF in ECI frame/Cross Product</P>
    <P Name="SID">3383</P>
    <P Name="Type">LIBRARY_BLOCK</P>
  </ExternalFileReference>
  <ExternalFileReference>
    <P Name="Reference">aerolibutil/Quaternion
Inverse</P>
    <P Name="Path">$bdroot/Physical Model/6DOF in ECI frame/Quaternion Inverse</P>
    <P Name="SID">1333</P>
    <P Name="Type">LIBRARY_BLOCK</P>
  </ExternalFileReference>
  <ExternalFileReference>
    <P Name="Reference">aerolibutil/Quaternion
Rotation</P>
    <P Name="Path">$bdroot/Physical Model/6DOF in ECI frame/Quaternion Rotation</P>
    <P Name="SID">1332</P>
    <P Name="Type">LIBRARY_BLOCK</P>
  </ExternalFileReference>
  <ExternalFileReference>
    <P Name="Reference">aerolibutil/Quaternion
Rotation</P>
    <P Name="Path">$bdroot/Physical Model/6DOF in ECI frame/Quaternion Rotation1</P>
    <P Name="SID">1336</P>
    <P Name="Type">LIBRARY_BLOCK</P>
  </ExternalFileReference>
  <ExternalFileReference>
    <P Name="Reference">vrlib/Utilities/Cross Product</P>
    <P Name="Path">$bdroot/Physical Model/Magnetorquer physics/Cross Product</P>
    <P Name="SID">2200</P>
    <P Name="Type">LIBRARY_BLOCK</P>
  </ExternalFileReference>
  <ExternalFileReference>
    <P Name="Reference">simulink/Discontinuities/Saturation
Dynamic</P>
    <P Name="Path">$bdroot/Physical Model/Magnetorquer physics/Magnétocoupleur 1/Saturation Dynamic</P>
    <P Name="SID">1899</P>
    <P Name="Type">LIBRARY_BLOCK</P>
  </ExternalFileReference>
  <ExternalFileReference>
    <P Name="Reference">simulink/Discontinuities/Saturation
Dynamic</P>
    <P Name="Path">$bdroot/Physical Model/Magnetorquer physics/Magnétocoupleur 2/Saturation Dynamic</P>
    <P Name="SID">1911</P>
    <P Name="Type">LIBRARY_BLOCK</P>
  </ExternalFileReference>
  <ExternalFileReference>
    <P Name="Reference">simulink/Discontinuities/Saturation
Dynamic</P>
    <P Name="Path">$bdroot/Physical Model/Magnetorquer physics/Magnétocoupleur 3/Saturation Dynamic</P>
    <P Name="SID">1923</P>
    <P Name="Type">LIBRARY_BLOCK</P>
  </ExternalFileReference>
  <ExternalFileReference>
    <P Name="Reference">aerolibutil/Quaternion
Rotation</P>
    <P Name="Path">$bdroot/Physical Model/Quaternion Rotation</P>
    <P Name="SID">1935</P>
    <P Name="Type">LIBRARY_BLOCK</P>
  </ExternalFileReference>
  <ExternalFileReference>
    <P Name="Reference">aerolibgravity2/Spherical Harmonic Gravity Model</P>
    <P Name="Path">$bdroot/Physical Model/Spherical Harmonic Gravity/Spherical Harmonic Gravity Model</P>
    <P Name="SID">145</P>
    <P Name="Type">LIBRARY_BLOCK</P>
  </ExternalFileReference>
  <ExternalFileReference>
    <P Name="Reference">vrlib/Utilities/Cross Product</P>
    <P Name="Path">$bdroot/Physical Model/Thruster/Cross Product</P>
    <P Name="SID">449</P>
    <P Name="Type">LIBRARY_BLOCK</P>
  </ExternalFileReference>
  <ExternalFileReference>
    <P Name="Reference">aerolibcelestial/Planetary Ephemeris</P>
    <P Name="Path">$bdroot/Planetary Ephemeris</P>
    <P Name="SID">1783</P>
    <P Name="Type">LIBRARY_BLOCK</P>
  </ExternalFileReference>
  <ExternalFileReference>
    <P Name="Reference">aerolibconvert2/Angle Conversion</P>
    <P Name="Path">$bdroot/QuatToAngleDeg/Angle Conversion1</P>
    <P Name="SID">3250</P>
    <P Name="Type">LIBRARY_BLOCK</P>
  </ExternalFileReference>
  <ExternalFileReference>
    <P Name="Reference">robotcorelib/Coordinate Transformation Conversion</P>
    <P Name="Path">$bdroot/QuatToAngleDeg/Coordinate Transformation Conversion</P>
    <P Name="SID">3495</P>
    <P Name="Type">LIBRARY_BLOCK</P>
  </ExternalFileReference>
  <ExternalFileReference>
    <P Name="Reference">aerolibutil/Quaternion
Inverse</P>
    <P Name="Path">$bdroot/Quaternion Inverse</P>
    <P Name="SID">1829</P>
    <P Name="Type">LIBRARY_BLOCK</P>
  </ExternalFileReference>
  <ExternalFileReference>
    <P Name="Reference">aerolibutil/Quaternion
Inverse</P>
    <P Name="Path">$bdroot/Quaternion Inverse1</P>
    <P Name="SID">3247</P>
    <P Name="Type">LIBRARY_BLOCK</P>
  </ExternalFileReference>
  <ExternalFileReference>
    <P Name="Reference">aerolibutil/Quaternion
Multiplication</P>
    <P Name="Path">$bdroot/Quaternion Multiplication</P>
    <P Name="SID">1830</P>
    <P Name="Type">LIBRARY_BLOCK</P>
  </ExternalFileReference>
  <ExternalFileReference>
    <P Name="Reference">aerolibutil/Quaternion
Multiplication</P>
    <P Name="Path">$bdroot/Quaternion Multiplication1</P>
    <P Name="SID">3248</P>
    <P Name="Type">LIBRARY_BLOCK</P>
  </ExternalFileReference>
  <ExternalFileReference>
    <P Name="Reference">sharedtransform/Quaternions to Rotation Angles</P>
    <P Name="Path">$bdroot/Quaternions to Rotation Angles</P>
    <P Name="SID">1081</P>
    <P Name="Type">LIBRARY_BLOCK</P>
  </ExternalFileReference>
  <ExternalFileReference>
    <P Name="Reference">aerolibutil/Quaternion
Rotation</P>
    <P Name="Path">$bdroot/Sensors/Magnetometer/Quaternion Rotation</P>
    <P Name="SID">2626</P>
    <P Name="Type">LIBRARY_BLOCK</P>
  </ExternalFileReference>
  <ExternalFileReference>
    <P Name="Reference">aerolibutil/Quaternion
Rotation</P>
    <P Name="Path">$bdroot/Sensors/Sun Sensor (Coarse)/Quaternion Rotation</P>
    <P Name="SID">3331</P>
    <P Name="Type">LIBRARY_BLOCK</P>
  </ExternalFileReference>
  <ExternalFileReference>
    <P Name="Reference">aerolibutil/Quaternion
Rotation</P>
    <P Name="Path">$bdroot/Sensors/Sun Sensor (Coarse)/Quaternion Rotation1</P>
    <P Name="SID">3332</P>
    <P Name="Type">LIBRARY_BLOCK</P>
  </ExternalFileReference>
  <ExternalFileReference>
    <P Name="Reference">sharedtransform/Rotation Angles to Quaternions</P>
    <P Name="Path">$bdroot/Sensors/Sun Sensor (Coarse)/Rotation Angles to Quaternions</P>
    <P Name="SID">3334</P>
    <P Name="Type">LIBRARY_BLOCK</P>
  </ExternalFileReference>
  <ExternalFileReference>
    <P Name="Reference">aerolibutil/Quaternion
Rotation</P>
    <P Name="Path">$bdroot/Sensors/Sun Sensor (Sun sensor)/Quaternion Rotation</P>
    <P Name="SID">2699</P>
    <P Name="Type">LIBRARY_BLOCK</P>
  </ExternalFileReference>
  <ExternalFileReference>
    <P Name="Reference">aerolibutil/Quaternion
Rotation</P>
    <P Name="Path">$bdroot/Sensors/Sun Sensor (Sun sensor)/Quaternion Rotation1</P>
    <P Name="SID">2709</P>
    <P Name="Type">LIBRARY_BLOCK</P>
  </ExternalFileReference>
  <ExternalFileReference>
    <P Name="Reference">sharedtransform/Rotation Angles to Quaternions</P>
    <P Name="Path">$bdroot/Sensors/Sun Sensor (Sun sensor)/Rotation Angles to Quaternions</P>
    <P Name="SID">2698</P>
    <P Name="Type">LIBRARY_BLOCK</P>
  </ExternalFileReference>
  <P Name="OrderedModelArguments">0</P>
</GraphicalInterface>
