<?xml version="1.0" encoding="UTF-8"?>
<MF0 version="1.1" defaultPackage="slid" packageUris="http://schema.mathworks.com/mf0/slid/R2019a_20180228">
  <System type="System" uuid="9c40e251-12fa-4d1f-8410-69f89632f1e3">
    <Parameter type="Parameter" uuid="1e2d3677-b810-4654-b418-459322c90ed1">
      <Identifier>repartition_matrix</Identifier>
      <Name>repartition_matrix</Name>
    </Parameter>
    <Parameter type="Parameter" uuid="8a11e318-367a-48a7-9a81-12529d28c72b">
      <Identifier>wheel_number</Identifier>
      <Name>wheel_number</Name>
    </Parameter>
    <Interface type="Interface" uuid="b74fc9a2-8f5d-4c10-8f0e-439ab97e8bbc"/>
  </System>
</MF0>