<?xml version="1.0" encoding="UTF-8"?>
<sltp_graph version="1.1" packageUris="http://schema.mathworks.com/mf0/sltp_mm/R2019b_201903251320">
  <sltp.mm.core.Context type="sltp.mm.core.Context" uuid="765a9dad-a069-479b-8cc8-cd65232cc581">
    <priorityDirection>HighNumberLast</priorityDirection>
    <editorState type="sltp.mm.core.EditorState" uuid="a637990e-1695-4461-9c9f-bc77704d239f">
      <isSynchronized>true</isSynchronized>
    </editorState>
    <rootTask type="sltp.mm.core.Task" uuid="af21fcc3-e651-4994-b2a8-f1f05e037af1">
      <context type="sltp.mm.core.Context" uuid="765a9dad-a069-479b-8cc8-cd65232cc581"/>
      <explicit>false</explicit>
      <name>Default</name>
      <priority>-2147483648</priority>
      <subgraph type="sltp.mm.core.Graph" uuid="b1a0e963-2dfa-4109-b5c7-6a8ae4505bf6">
        <tasks type="sltp.mm.core.Task" uuid="c58d4dfe-1037-44cb-846c-4f71cf7081a5">
          <baseTask>true</baseTask>
          <context type="sltp.mm.core.Context" uuid="765a9dad-a069-479b-8cc8-cd65232cc581"/>
          <explicit>false</explicit>
          <id>1</id>
          <name>Cont</name>
          <priority>40</priority>
          <rates type="sltp.mm.core.Rate" uuid="ceec2989-03ff-4d9e-bd37-9b0b0fe18d8f">
            <annotation>Cont</annotation>
            <color>255</color>
            <hasBlocks>true</hasBlocks>
            <rateSpec type="sltp.mm.core.RateSpec">
              <period>0</period>
            </rateSpec>
            <sti>0</sti>
          </rates>
          <rates type="sltp.mm.core.Rate" uuid="f82dc504-877f-47ec-bd33-d24dec010ef1">
            <annotation>D1</annotation>
            <color>-436207361</color>
            <hasBlocks>true</hasBlocks>
            <rateSpec type="sltp.mm.core.RateSpec">
              <period>0.25</period>
            </rateSpec>
            <sti>1</sti>
          </rates>
          <rates type="sltp.mm.core.Rate" uuid="24684655-73c4-46d5-b6cc-327fdc902338">
            <annotation>D2</annotation>
            <color>13697279</color>
            <hasBlocks>true</hasBlocks>
            <rateSpec type="sltp.mm.core.RateSpec">
              <period>1</period>
            </rateSpec>
            <sti>2</sti>
          </rates>
        </tasks>
      </subgraph>
    </rootTask>
  </sltp.mm.core.Context>
</sltp_graph>